title,channelname,docurl,imgurl,source,tlink
女子吐槽点一盘香菜花了108元 市监局：正在调查,yaowen,https://www.163.com/dy/article/HSJDNPPV053469LG.html,http://dingyue.ws.126.net/2023/0202/6fe73003j00rpg6g4005pc000xc019rg.jpg,极目新闻,https://www.163.com/dy/article/HSJDNPPV053469LG.html
麦卡锡称中国无权告诉他能去哪里 外交部回应,yaowen,https://www.163.com/news/article/HSJIPKLS00019B3E.html,http://cms-bucket.ws.126.net/2023/0202/4b99e5fbp00rpgaqm000mc0009c0070c.png,外交部网站,https://www.163.com/news/article/HSJIPKLS00019B3E.html
127万人罢工抗议 法国总理:64岁退休门槛没有商量余地,yaowen,https://www.163.com/dy/article/HSITND27053469LG.html,http://dingyue.ws.126.net/2023/0202/98a450d0j00rpfthe002xc000xc00myg.jpg,极目新闻,https://www.163.com/dy/article/HSITND27053469LG.html
乌军士兵在英国训练21天 刚上战场20分钟就投降,yaowen,https://www.163.com/dy/article/HSJ7LVSJ0515CCSC.html,http://dingyue.ws.126.net/2023/0202/b085655cj00rpg1s8000pc000hs009zm.jpg,国防时报排头兵,https://www.163.com/dy/article/HSJ7LVSJ0515CCSC.html
《狂飙》大结局刷屏 网友分享在阳台直击结局拍摄视频,yaowen,https://www.163.com/v/video/VCRLJLA5K.html,http://videoimg.ws.126.net/cover/20230202/7G6yDzSvi_cover.jpg,掌闻视讯,https://www.163.com/v/video/VCRLJLA5K.html
《狂飙》陷入烂尾争议 结尾部分有些情节难以理解,yaowen,https://www.163.com/dy/article/HSJ05C4C0514R9P4.html,http://cms-bucket.ws.126.net/2023/0202/8fc822d8p00rpg8n0004lc0009c0070c.png,澎湃新闻,https://www.163.com/dy/article/HSJ05C4C0514R9P4.html
网传海南一景区内直升机直接靠海停 工作人员下来揽客,yaowen,https://www.163.com/v/video/VGRLA8NRS.html,http://cms-bucket.ws.126.net/2023/0202/35061e37j00rpg98h000mc000s600e3c.jpg,胖塌塌社会酱,https://www.163.com/v/video/VGRLA8NRS.html
FBI搜查拜登特拉华州住所 带走手写的笔记和一些材料,yaowen,https://www.163.com/dy/article/HSJ7JM6Q053469M5.html,http://cms-bucket.ws.126.net/2023/0202/72b1724bp00rpg91i001dc0009c0070c.png,上游新闻,https://www.163.com/dy/article/HSJ7JM6Q053469M5.html
网传韩国机场现舞狮表演 网友：东施效颦丧气十足,yaowen,https://www.163.com/v/video/VCRL5M5FM.html,http://cms-bucket.ws.126.net/2023/0202/9b51cc4ej00rpg8hx000bc000s600e3c.jpg,全科树洞观,https://www.163.com/v/video/VCRL5M5FM.html
俄前副外长：乌克兰一定会袭击莫斯科,yaowen,https://www.163.com/dy/article/HSIRC8EA051492T3.html,http://cms-bucket.ws.126.net/2023/0202/202f3036p00rpg79z005vc000s600e3c.png,红星新闻,https://www.163.com/dy/article/HSIRC8EA051492T3.html
交行四川分行一副行长被双开 中纪委通报中3次提到房,yaowen,https://www.163.com/dy/article/HSJEBK0C053469LG.html,http://cms-bucket.ws.126.net/2023/0202/e2530193p00rpg9cl0014c0009c0070c.png,极目新闻,https://www.163.com/dy/article/HSJEBK0C053469LG.html
路边超跑＂僵尸车＂无人问津 轮胎没气内饰都长毛了,yaowen,https://www.163.com/v/video/VURLGSGIG.html,http://cms-bucket.ws.126.net/2023/0202/bd9aa430j00rpg5xf000uc000s600e3c.jpg,天雷视频,https://www.163.com/v/video/VURLGSGIG.html
韩美举行联合空演美战略武器参演 朝鲜回应,yaowen,https://www.163.com/news/article/HSJE0R760001899O.html,http://cms-bucket.ws.126.net/2023/0202/30923002p00rpg84f002sc0009c0070c.png,澎湃新闻,https://www.163.com/news/article/HSJE0R760001899O.html
白宫幕僚长卸任时大哭 替拜登“宣布”参加总统大选,yaowen,https://www.163.com/dy/article/HSJDNQ3K053469LG.html,http://dingyue.ws.126.net/2023/0202/4aa22c57j00rpg69i0020c000xc00lrg.jpg,极目新闻,https://www.163.com/dy/article/HSJDNQ3K053469LG.html
四川一村委会圈国道收停车费：小汽车20元 自行车5元,yaowen,https://www.163.com/dy/article/HSJD5MEA0514D3UH.html,http://cms-bucket.ws.126.net/2023/0202/905b228cp00rpgbcr00ajc0009c0070c.png,封面新闻,https://www.163.com/dy/article/HSJD5MEA0514D3UH.html
护士为高薪辞职做核酸采样员月入过万 如今面临再择业,yaowen,https://www.163.com/news/article/HSJD0LES0001899O.html,http://cms-bucket.ws.126.net/2023/0202/ba20f1ffp00rpg6e2003fc0009c0070c.png,人民日报健康时报,https://www.163.com/news/article/HSJD0LES0001899O.html
拜登和麦卡锡就债务上限举行会谈 首轮交锋＂毫无成果＂,yaowen,https://www.163.com/dy/article/HSJ9GCIK0514D3UH.html,http://cms-bucket.ws.126.net/2023/0202/9fae19bdp00rpg53t001ec0009c0070c.png,封面新闻,https://www.163.com/dy/article/HSJ9GCIK0514D3UH.html
李亚光被查 曾任中国女篮总教练,yaowen,https://www.163.com/news/article/HSJCELCR0001899O.html,http://cms-bucket.ws.126.net/2023/0202/9947605dp00rpg64z001wc0009c0070c.png,北京日报客户端-长安街知事,https://www.163.com/news/article/HSJCELCR0001899O.html
东北火车站拉客师傅气势满满 网友:别吓到南方朋友,yaowen,https://www.163.com/v/video/VFRIPF226.html,http://cms-bucket.ws.126.net/2023/0202/ae382d4aj00rpg3xj0010c000s600e3c.jpg,薪火视频,https://www.163.com/v/video/VFRIPF226.html
00后中国选手获围棋世界冠军:应该开心 但我开心不起来,yaowen,https://www.163.com/dy/article/HSJ6Q80B0514R9P4.html,http://cms-bucket.ws.126.net/2023/0202/69010644p00rpg3t00017c0009c0070c.png,澎湃新闻,https://www.163.com/dy/article/HSJ6Q80B0514R9P4.html
媒体:警告美＂以核制核＂ 朝鲜导弹或有能力攻击美本土,yaowen,https://www.163.com/dy/article/HSJA3MJH0515CCSC.html,http://cms-bucket.ws.126.net/2023/0202/4676a43fp00rpg4z1001hc0009c0070c.png,国防时报排头兵,https://www.163.com/dy/article/HSJA3MJH0515CCSC.html
90后女孩花4万鹤岗买房现状:月入2千 买房容易生活难,yaowen,https://www.163.com/v/video/VTRL6DODH.html,http://videoimg.ws.126.net/cover/20230202/sqSJUX87G_cover.jpg,星视频,https://www.163.com/v/video/VTRL6DODH.html
老人、女兵之后 乌克兰新一轮征兵动员向官员下手,yaowen,https://www.163.com/dy/article/HSIE1PC50515CCSC.html,http://dingyue.ws.126.net/2023/0202/722c774cj00rpfh63002tc000zk00qom.jpg,国防时报排头兵,https://www.163.com/dy/article/HSIE1PC50515CCSC.html
《狂飙》导演＂黑历史＂被挖：＂手榴弹炸飞机＂也出自其手,yaowen,https://www.163.com/dy/article/HSJ9GCTE053469M5.html,http://cms-bucket.ws.126.net/2023/0202/bc475ebap00rpg481002zc0009c0070c.png,上游新闻,https://www.163.com/dy/article/HSJ9GCTE053469M5.html
“75后”全国最年轻副省长分工明确,yaowen,https://www.163.com/dy/article/HSJ9BKFQ051482MP.html,http://dingyue.ws.126.net/2023/0202/3954ac9aj00rpg33t001nc000zk00f5g.jpg,政知新媒体,https://www.163.com/dy/article/HSJ9BKFQ051482MP.html
上海动物园通报小老虎溺亡:应激跳入水池 打捞未成功,yaowen,https://www.163.com/news/article/HSJ8VO3E0001899O.html,http://cms-bucket.ws.126.net/2023/0202/f855a1cdp00rpg352006ac0009c0070c.png,上海动物园,https://www.163.com/news/article/HSJ8VO3E0001899O.html
业主卖183平豪宅被银行柜员和中介骗了 或痛失500多万,yaowen,https://www.163.com/dy/article/HSJ8OMOA0512BN99.html,http://cms-bucket.ws.126.net/2023/0202/2f966d78p00rpg35h0012c0009c0070c.png,北青深一度,https://www.163.com/dy/article/HSJ8OMOA0512BN99.html
英国防大臣：向乌克兰提供战斗机目前不是正确做法,yaowen,https://www.163.com/dy/article/HSJ86ITU05504DOQ.html,http://cms-bucket.ws.126.net/2023/0202/5a387de4p00rpg3bn0014c0009c0070c.png,环球时报国际,https://www.163.com/dy/article/HSJ86ITU05504DOQ.html
蔡英文参加2023大陆台商春节活动 称愿与大陆展开对话,yaowen,https://www.163.com/dy/article/HSJ81OFU05560LKB.html,http://dingyue.ws.126.net/2023/0202/f3cb31cdj00rpg0oi00cpc000hs00a2g.jpg,海峡网,https://www.163.com/dy/article/HSJ81OFU05560LKB.html
19岁男主播自杀前袭击多人 蒙面杀害2岁试管宝宝,yaowen,https://www.163.com/dy/article/HSJ6VGCH051492T3.html,http://cms-bucket.ws.126.net/2023/0202/2b869645p00rpg4li0049c0009c0070c.png,红星新闻,https://www.163.com/dy/article/HSJ6VGCH051492T3.html
外交部：北约秘书长访韩日却言必称中国 意图令人警惕,yaowen,https://www.163.com/dy/article/HSJ58F180514R9OJ.html,http://cms-bucket.ws.126.net/2023/0202/d4faa7a1p00rpg1fv0019c0009c0070c.png,环球网资讯,https://www.163.com/dy/article/HSJ58F180514R9OJ.html
普京：当务之急是确保乌军没有机会轰炸俄边境地区,yaowen,https://www.163.com/dy/article/HSJ31OB00543B4S9.html,http://dingyue.ws.126.net/2023/0202/93f19e1aj00rpfxzw000lc000hs00bbm.jpg,国防时报看点,https://www.163.com/dy/article/HSJ31OB00543B4S9.html
波兰总统:当俄跪下求饶时 请把他们带到佩雷亚斯拉夫,yaowen,https://www.163.com/v/video/VBRL752HH.html,http://cms-bucket.ws.126.net/2023/0202/75f058c1j00rpg0ep0006c000s600e3c.jpg,东方豪侠,https://www.163.com/v/video/VBRL752HH.html
德国防长：把豹-2坦克送给乌＂心在流血＂ 但不得不给,yaowen,https://www.163.com/dy/article/HSIMUD5I0514BQ68.html,http://cms-bucket.ws.126.net/2023/0202/c1cd760dp00rpg0wp001ec0009c0070c.png,参考消息,https://www.163.com/dy/article/HSIMUD5I0514BQ68.html
环球:北约秘书长在东京说得露骨 将中国和俄朝绑在一起,yaowen,https://www.163.com/dy/article/HSHFCB7L05504DPG.html,http://cms-bucket.ws.126.net/2023/0202/66ad7847p00rpg0cx000xc0009c0070c.png,环球时报新闻,https://www.163.com/dy/article/HSHFCB7L05504DPG.html
麦卡锡被指或于今春窜访台湾 澳外长发出警告,yaowen,https://www.163.com/dy/article/HSJ61K0N0543B4S9.html,http://cms-bucket.ws.126.net/2023/0202/e7cc4980p00rpg1nj0015c0009c0070c.png,国防时报看点,https://www.163.com/dy/article/HSJ61K0N0543B4S9.html
暴亏13亿变空城 爆火20年的香港巨头被内地游客抛弃了,yaowen,https://www.163.com/dy/article/HSGMA2K0051100DH.html,http://cms-bucket.ws.126.net/2023/0202/a4d5ff5bp00rpfzzz003hc0009c0070c.png,金错刀,https://www.163.com/dy/article/HSGMA2K0051100DH.html
乌方：莫斯科准备了50万大军 最快2月24日大规模开战,yaowen,https://www.163.com/dy/article/HSJ3AA8M0515CCSC.html,http://dingyue.ws.126.net/2023/0202/9056b5f0j00rpg0040040c000xc00m8m.jpg,国防时报排头兵,https://www.163.com/dy/article/HSJ3AA8M0515CCSC.html
成都饭店老板救出落水老人 3年后被老人家属告上法院,yaowen,https://www.163.com/dy/article/HSIFKPOK0553L2BT.html,http://cms-bucket.ws.126.net/2023/0202/7cb24b08p00rpfz9b0021c0009c0070c.png,妃子戏史,https://www.163.com/dy/article/HSIFKPOK0553L2BT.html
媒体：被指＂威胁＂美空军安全 中企在美项目可能要黄,yaowen,https://www.163.com/dy/article/HSHB1RQI0514FGV8.html,http://dingyue.ws.126.net/2023/0201/da0ae3b8j00rpeoom001ic000u000k0m.jpg,直新闻,https://www.163.com/dy/article/HSHB1RQI0514FGV8.html
轿车刹车不及侧翻滚入农田 对向男子目睹全程被吓蒙,yaowen,https://www.163.com/v/video/VERKTIG68.html,http://cms-bucket.ws.126.net/2023/0202/0bf48034p00rpfvzb0038c000s600e3c.png,大象新闻,https://www.163.com/v/video/VERKTIG68.html
胡鑫宇曾在围墙上活动 勘查画面曝光,yaowen,https://www.163.com/news/article/HSJ038R2000189PS.html,http://cms-bucket.ws.126.net/2023/0202/8b811ab5p00rpfwio001dc0009c0070c.png,央视新闻客户端,https://www.163.com/news/article/HSJ038R2000189PS.html
男子出轨被原配抓现行：原配很好看 还有2个孩子,yaowen,https://www.163.com/v/video/VCRL1CM25.html,http://cms-bucket.ws.126.net/2023/0202/9d95ccf4p00rpfu4l003yc000s600e3c.png,掌闻视讯,https://www.163.com/v/video/VCRL1CM25.html
警方：胡鑫宇录音笔里有21段音频 5段跟事发当日相关,yaowen,https://www.163.com/news/article/HSISOD7L000189PS.html,http://cms-bucket.ws.126.net/2023/0202/66d93c10p00rpfu110013c0009c0070c.png,央视新闻客户端,https://www.163.com/news/article/HSISOD7L000189PS.html
白宫办公厅主任在交接仪式上抽泣 称赞拜登是＂好父亲＂,yaowen,https://www.163.com/dy/article/HSIS045F0514R9OJ.html,http://cms-bucket.ws.126.net/2023/0202/bdb00fafp00rpfuvh0017c0009c0070c.png,环球网资讯,https://www.163.com/dy/article/HSIS045F0514R9OJ.html
胡鑫宇遗体发现细节：门卫本想砍毛竹 意外看到遗体,yaowen,https://www.163.com/news/article/HSIRN0R4000189PS.html,http://cms-bucket.ws.126.net/2023/0202/ab364c63p00rpfst8001vc0009c0070c.png,央视新闻客户端,https://www.163.com/news/article/HSIRN0R4000189PS.html
60后女干部被查 不久前以“个人健康原因”辞职,yaowen,https://www.163.com/dy/article/HSIQ5E3L0534P59R.html,http://dingyue.ws.126.net/2023/0202/eca9ad29j00rpfqtc001ac000q400hfc.jpg,潇湘晨报,https://www.163.com/dy/article/HSIQ5E3L0534P59R.html
乌方：不排除俄2月24日从北、南、东三个方向发动袭击,yaowen,https://www.163.com/dy/article/HSIPB8VQ05199DKK.html,http://cms-bucket.ws.126.net/2023/0202/70cb4c74p00rpfrg4002ac000er00a3c.png,经济观察报,https://www.163.com/dy/article/HSIPB8VQ05199DKK.html
官方回应＂胡鑫宇自缢用的鞋带为何百余天都没有断裂＂,yaowen,https://www.163.com/v/video/VKRKRHH67.html,http://videoimg.ws.126.net/cover/20230202/yZSH3PrbB_cover.jpg,澎湃新闻,https://www.163.com/v/video/VKRKRHH67.html
7岁男孩下水道放炮被炸身亡 家属跪地痛哭,yaowen,https://www.163.com/v/video/VMRKQQF62.html,http://cms-bucket.ws.126.net/2023/0202/764b9723p00rpfnp2002oc000s600e3c.png,星尘视频,https://www.163.com/v/video/VMRKQQF62.html
媒体：若美国怀疑你做了什么坏事 那它自己肯定做过,yaowen,https://www.163.com/dy/article/HSIMH58O0514R9OJ.html,http://cms-bucket.ws.126.net/2023/0202/ff88824fp00rpfpxm002gc0009c0070c.png,环球网资讯,https://www.163.com/dy/article/HSIMH58O0514R9OJ.html
乌成功用地雷阻滞俄军 布设违禁雷被美人权组织痛斥,yaowen,https://www.163.com/dy/article/HSIKH5HN0515CCSC.html,http://cms-bucket.ws.126.net/2023/0202/6f830d40p00rpfq3d006dc000hs00bvc.png,国防时报排头兵,https://www.163.com/dy/article/HSIKH5HN0515CCSC.html
媒体：用胶水修核潜艇 英国核威慑王牌又闹了大笑话,yaowen,https://www.163.com/dy/article/HSIL1SI10512D3VJ.html,http://cms-bucket.ws.126.net/2023/0202/c219c9cdp00rpfvcr002zc000dw00afc.png,新京报,https://www.163.com/dy/article/HSIL1SI10512D3VJ.html
乌军战后休息 经过路边俄军士兵尸体笑着用脚踢,yaowen,https://www.163.com/v/video/VKRKPLK5D.html,http://cms-bucket.ws.126.net/2023/0202/7ecdd13fp00rpflf1002vc000s600e3c.png,军事放大镜,https://www.163.com/v/video/VKRKPLK5D.html
官方：胡鑫宇录音笔中两段音频清晰表达了自杀意愿,yaowen,https://www.163.com/news/article/HSIILO470001899O.html,http://cms-bucket.ws.126.net/2023/0202/5e6a9328p00rpfme5001fc000bf008tc.png,人民日报,https://www.163.com/news/article/HSIILO470001899O.html
胡鑫宇尸检情况公布 符合长期暴露在室外的特征,yaowen,https://www.163.com/news/article/HSIIGHU1000189PS.html,http://cms-bucket.ws.126.net/2023/0202/bc33f53fp00rpfmoc0010c0009c0070c.png,央视新闻,https://www.163.com/news/article/HSIIGHU1000189PS.html
官方：胡鑫宇系自缢死亡,yaowen,https://www.163.com/news/article/HSII6C1S0001899O.html,http://cms-bucket.ws.126.net/2023/0202/b7825be8p00rpfkh10027c000dc007ic.png,人民日报,https://www.163.com/news/article/HSII6C1S0001899O.html
俄军大举突破巴赫穆特战线 俄乌攻守之势或再次逆转,yaowen,https://www.163.com/dy/article/HSIGVUQJ0514BE2Q.html,http://dingyue.ws.126.net/2023/0202/19b22ef4j00rpfjdd000pc000hs00bvm.jpg,中国新闻周刊,https://www.163.com/dy/article/HSIGVUQJ0514BE2Q.html
媒体：北约秘书长跑到东亚贩卖焦虑兼卖惨 未来真会惨,yaowen,https://www.163.com/dy/article/HSIG8HLH0512DU6N.html,http://dingyue.ws.126.net/2023/0202/b3826e5ej00rpfixc00qcc000u000jzm.jpg,新民晚报,https://www.163.com/dy/article/HSIG8HLH0512DU6N.html
美媒：美之所以军援乌克兰 是因为盯上了两种关键资源,yaowen,https://www.163.com/dy/article/HSIDUDG20552G199.html,http://cms-bucket.ws.126.net/2023/0202/c2bde4a9p00rpfj08009yc000u000gqc.png,枢密院十号,https://www.163.com/dy/article/HSIDUDG20552G199.html
朝鲜警告美国：将按＂以核制核＂原则回应,yaowen,https://www.163.com/dy/article/HSIDVLGJ0514R9OJ.html,http://cms-bucket.ws.126.net/2023/0202/ebfc4083p00rpfjdi0061c000xc00irc.png,环球网资讯,https://www.163.com/dy/article/HSIDVLGJ0514R9OJ.html
男子用工兵铲杀害2岁宝宝：他们发出的响声影响我休息,yaowen,https://www.163.com/dy/article/HSHBC4050514D3UH.html,http://dingyue.ws.126.net/2023/0201/5c66cf59j00rpeot900ewc000gk00frg.jpg,封面新闻,https://www.163.com/dy/article/HSHBC4050514D3UH.html
美容公司营销团队清一色白衣疯狂拍手 个个像打了鸡血,yaowen,https://www.163.com/v/video/VXRIOQT8U.html,http://cms-bucket.ws.126.net/2023/0202/4075a544p00rpfizm001qc000s600e3c.png,葫芦社会酱,https://www.163.com/v/video/VXRIOQT8U.html
牛弹琴：英法两个大国陷入怪圈 我们又见证历史了,yaowen,https://www.163.com/news/article/HSIBJN4F00019B3E.html,http://cms-bucket.ws.126.net/2023/0202/7dca67f8p00rpfdnt001cc0009c0070c.png,上观新闻,https://www.163.com/news/article/HSIBJN4F00019B3E.html
45岁男人12年没挣钱靠父母退休金度日 状告亲姐要赡养费,yaowen,https://www.163.com/dy/article/HSEM9KJL0553L2BT.html,http://cms-bucket.ws.126.net/2023/0202/984ac24bp00rpfdrw003oc0009c0070c.png,妃子戏史,https://www.163.com/dy/article/HSEM9KJL0553L2BT.html
武汉新生儿患脑瘫 母亲坚持不放弃造就了一位哈佛硕士,yaowen,https://www.163.com/dy/article/HSEA557J0553L2BT.html,http://dingyue.ws.126.net/2023/0131/f8d9e398j00rpcia400ezc000k300cym.jpg,妃子戏史,https://www.163.com/dy/article/HSEA557J0553L2BT.html
俄媒：乌军在扎波罗热的第一道防线几乎全线覆没,yaowen,https://www.163.com/dy/article/HSI7NSTM0514R9OJ.html,http://cms-bucket.ws.126.net/2023/0202/4913d615p00rpffby005lc000gi00aec.png,环球网资讯,https://www.163.com/dy/article/HSI7NSTM0514R9OJ.html
媒体：24小时之内 美国对中国发起3次大行动,yaowen,https://www.163.com/dy/article/HSHEG8F00514R9OJ.html,http://cms-bucket.ws.126.net/2023/0202/afd7edcbp00rpfc1j0014c0009c0070c.png,环球网资讯,https://www.163.com/dy/article/HSHEG8F00514R9OJ.html
宁波街头现特斯拉教练车 教练：教VIP学员 报名不一定收,yaowen,https://www.163.com/news/article/HSHUG30N0001899N.html,http://cms-bucket.ws.126.net/2023/0202/7b42c447j00rpf4dn003qc000pa0108c.jpg,上游新闻,https://www.163.com/news/article/HSHUG30N0001899N.html
内蒙古新春“第一会”：让广大民企不再被“潜规则”,yaowen,https://www.163.com/news/article/HSHREQ7E0001899O.html,http://cms-bucket.ws.126.net/2023/0202/ed50cb42p00rpf1zs001tc0009c0070c.png,北京青年报,https://www.163.com/news/article/HSHREQ7E0001899O.html
