新闻标题,新闻分类,资源地址,图片地址,资源,链接
美方声称监测到来自中国的侦查气球 外交部回应,yaowen,https://www.163.com/news/article/HSM55NPF0001899O.html,http://cms-bucket.ws.126.net/2023/0203/0848a1fep00rpi5mx001dc0009c0070c.png,环球网,https://www.163.com/news/article/HSM55NPF0001899O.html
意大利两哨兵换岗 交接时两人对视突然想笑,yaowen,https://www.163.com/v/video/VNRO1397V.html,http://cms-bucket.ws.126.net/2023/0203/7583fdbaj00rpi3xs000xc000s600e3c.jpg,青梦视频,https://www.163.com/v/video/VNRO1397V.html
上海一67岁男子因纠纷对前妻等人行凶 致3死1伤,yaowen,https://www.163.com/news/article/HSM45SGS0001899O.html,http://cms-bucket.ws.126.net/2023/0203/efefc76ep00rpi5jw006cc000s600e3c.png,警民直通车-奉贤,https://www.163.com/news/article/HSM45SGS0001899O.html
日本外相林芳正称中方再次邀请他访华 外交部回应 ,yaowen,https://www.163.com/news/article/HSM45L2N0001899O.html,http://cms-bucket.ws.126.net/2023/0203/a54b2b0fp00rpi4n2001dc0009c0070c.png,中华人民共和国外交部,https://www.163.com/news/article/HSM45L2N0001899O.html
旅游景点两位大妈抬游客上山 吃力前行一幕令人心酸,yaowen,https://www.163.com/v/video/VKRO0QEB0.html,http://cms-bucket.ws.126.net/2023/0203/98d072fap00rpi33p003gc000s600e3c.png,凌晨资讯,https://www.163.com/v/video/VKRO0QEB0.html
韩媒：朝鲜将派人员援俄 都是年轻人大多数已婚,yaowen,https://www.163.com/dy/article/HSM1T8ND053469LG.html,http://cms-bucket.ws.126.net/2023/0203/d3aa4421p00rpi321002jc0009c0070c.png,极目新闻,https://www.163.com/dy/article/HSM1T8ND053469LG.html
河南3名学子被牛津剑桥预录取：来自同一高中 均为女生,yaowen,https://www.163.com/dy/article/HSLUU46B0514R9OJ.html,http://cms-bucket.ws.126.net/2023/0203/4e76e001p00rpi1sk0047c0009c0070c.png,环球网资讯,https://www.163.com/dy/article/HSLUU46B0514R9OJ.html
美媒：中美都在争取印尼 北京拥有优势,yaowen,https://www.163.com/dy/article/HSLSCI5Q05504DPG.html,http://cms-bucket.ws.126.net/2023/0203/231e6f96p00rpi1re005zc0009c0070c.png,环球时报新闻,https://www.163.com/dy/article/HSLSCI5Q05504DPG.html
消防员打饭时响起出警铃 饭堂阿姨愣在原地,yaowen,https://www.163.com/v/video/VURNBLVKL.html,http://cms-bucket.ws.126.net/2023/0203/163e04d7p00rpi2oe004ic000s600e3c.png,千希视频,https://www.163.com/v/video/VURNBLVKL.html
视频：乌克兰武装部队一机库密密麻麻全是弹孔,yaowen,https://www.163.com/v/video/VLRN8I4C2.html,http://cms-bucket.ws.126.net/2023/0203/f55b1f3ej00rpi1ix001cc000s600e3c.jpg,军事小当家,https://www.163.com/v/video/VLRN8I4C2.html
证监会会计部原主任被＂双开＂ 被指＂腐败贯穿职业生涯＂,yaowen,https://www.163.com/dy/article/HSM0TIR6051492T3.html,http://dingyue.ws.126.net/2023/0203/687bc5b9j00rpi1qy000mc000id00c1g.jpg,红星新闻,https://www.163.com/dy/article/HSM0TIR6051492T3.html
辽宁一官员和同事受贿800多万 儿子帮洗钱获缓刑,yaowen,https://www.163.com/dy/article/HSLT73DF0534P59R.html,http://dingyue.ws.126.net/2023/0203/1a3b5f0dj00rphyyg001oc000qo011cc.jpg,潇湘晨报,https://www.163.com/dy/article/HSLT73DF0534P59R.html
韩媒：金正恩给朝鲜少年团代表送礼物 系日本造手表,yaowen,https://www.163.com/dy/article/HSLSJ1NG053469LG.html,http://cms-bucket.ws.126.net/2023/0203/d10eff4dp00rpi0m20023c0009c0070c.png,极目新闻,https://www.163.com/dy/article/HSLSJ1NG053469LG.html
女子插队不听劝阻后面顾客放音频＂怒怼＂ 网友：又怂又勇,yaowen,https://www.163.com/v/video/VFRNSTF9S.html,http://cms-bucket.ws.126.net/2023/0203/e88d5c6ep00rpi083002dc000s600e3c.png,石家庄日报客户端,https://www.163.com/v/video/VFRNSTF9S.html
媒体：俄遭受德坦克威胁势必会反击 最惨的还是欧洲,yaowen,https://www.163.com/dy/article/HSLOJQU00543B4S9.html,http://dingyue.ws.126.net/2023/0203/21122c53j00rphv81000jc000hs00c3m.jpg,国防时报看点,https://www.163.com/dy/article/HSLOJQU00543B4S9.html
美军官推测泽连斯基的下场：唯一救赎将是逃往波兰,yaowen,https://www.163.com/dy/article/HSLNCR2H0515CCSC.html,http://dingyue.ws.126.net/2023/0203/b34e89f4j00rphuc9000jc000hs009wm.jpg,国防时报排头兵,https://www.163.com/dy/article/HSLNCR2H0515CCSC.html
英军前高官警告：如果与俄开战 我们弹药一天就打完了,yaowen,https://www.163.com/dy/article/HSLRV6PE053469LG.html,http://cms-bucket.ws.126.net/2023/0203/be6ab86cp00rphzu3007xc0009c0070c.png,极目新闻,https://www.163.com/dy/article/HSLRV6PE053469LG.html
普京出席俄重要纪念日 谈到德援乌坦克连说＂难以置信＂,yaowen,https://www.163.com/news/article/HSLV31DT00018AOQ.html,http://cms-bucket.ws.126.net/2023/0203/aa523f55p00rpi0vp001pc0009c0070c.png,上观新闻,https://www.163.com/news/article/HSLV31DT00018AOQ.html
男子坚持用＂自动驾驶＂结果撞墙 路面光线被识别成车道线,yaowen,https://www.163.com/v/video/VFRLAU1DG.html,http://cms-bucket.ws.126.net/2023/0203/1e91a12cp00rpi0dt0022c000s600e3c.png,石家庄日报客户端,https://www.163.com/v/video/VFRLAU1DG.html
俄军伏击乌军援卡车大获全胜 乌士兵尸体躺一地,yaowen,https://www.163.com/v/video/VMRO27B8Q.html,http://cms-bucket.ws.126.net/2023/0203/e31617f6j00rpi04y0034c000s600e3c.jpg,国防时报排头兵,https://www.163.com/v/video/VMRO27B8Q.html
乌克兰12名士兵欲向俄投降 后方战友将其＂炮决＂,yaowen,https://www.163.com/dy/article/HSLS38DR0515CCSC.html,http://cms-bucket.ws.126.net/2023/0203/c3f11062p00rphzag00dbc0009c0070c.png,国防时报排头兵,https://www.163.com/dy/article/HSLS38DR0515CCSC.html
韩媒：朝鲜将派遣志愿兵援俄 2月中旬抵达顿巴斯地区,yaowen,https://www.163.com/news/article/HSLRQ9D10001899O.html,http://cms-bucket.ws.126.net/2023/0203/009a7ad8p00rphy4m0021c0009c0070c.png,九派新闻,https://www.163.com/news/article/HSLRQ9D10001899O.html
胡鑫宇读高中后成绩下滑 多次与同学说＂活着没意思＂,yaowen,https://www.163.com/news/article/HSLS1VGS0001899O.html,http://cms-bucket.ws.126.net/2023/0203/6d0e6f89p00rphy27001mc0009c0070c.png,新京报,https://www.163.com/news/article/HSLS1VGS0001899O.html
《狂飙》火到酒吧 歌手舞台上大喊:高启强们双手举高,yaowen,https://www.163.com/v/video/VWRO09H0P.html,http://cms-bucket.ws.126.net/2023/0203/5518a737j00rphwwj000pc000s600e3c.jpg,小锤子热点爆料,https://www.163.com/v/video/VWRO09H0P.html
乌东战场航拍:被击毙的俄兵在大雪中躺一地,yaowen,https://www.163.com/v/video/VSRNVMOL2.html,http://cms-bucket.ws.126.net/2023/0203/ae38aeb1j00rphx0s000tc000s600e3c.jpg,门卫秦大爷看世界,https://www.163.com/v/video/VSRNVMOL2.html
辞职近10年的周口原市长岳文海被查 这10年他在干什么,yaowen,https://www.163.com/news/article/HSLR4B4P0001899O.html,http://cms-bucket.ws.126.net/2023/0203/2e3613aap00rphx8s0018c0009c0070c.png,上观新闻,https://www.163.com/news/article/HSLR4B4P0001899O.html
女子回应买下日本70万平米小岛：家里做地产和金融,yaowen,https://www.163.com/dy/article/HSLMD4QP051492T3.html,http://dingyue.ws.126.net/2023/0203/a6bcf432j00rphta80047c001gx00u0g.jpg,红星新闻,https://www.163.com/dy/article/HSLMD4QP051492T3.html
遭美国空头精准猎杀 亚洲首富身家暴跌3400亿,yaowen,https://www.163.com/news/article/HSLFMH5600018AOQ.html,http://cms-bucket.ws.126.net/2023/0203/3abb13edp00rphx4v0011c0009c0070c.png,上观新闻,https://www.163.com/news/article/HSLFMH5600018AOQ.html
男子春节回乡看房：不值这个价 最大顾虑是觉得住不上,yaowen,https://www.163.com/dy/article/HSLN92SJ0514BE2Q.html,http://dingyue.ws.126.net/2023/0203/f662fac4j00rphu6b01ggc00326021fm.jpg,中国新闻周刊,https://www.163.com/dy/article/HSLN92SJ0514BE2Q.html
媒体:布林肯访华开始预热 5个关键议题能看出美方诚意,yaowen,https://www.163.com/dy/article/HSLL4LSF0515CCSC.html,http://cms-bucket.ws.126.net/2023/0203/be1aaa37p00rphwih001dc0009c0070c.png,国防时报排头兵,https://www.163.com/dy/article/HSLL4LSF0515CCSC.html
欧盟宣布将总共培训3万乌士兵 在德国波兰等国进行,yaowen,https://www.163.com/dy/article/HSLNK49405504DOQ.html,http://bjnewsrec-cv.ws.126.net/little453a82cc2a8j00rphuep000jc000ht00bvm.jpg,环球时报国际,https://www.163.com/dy/article/HSLNK49405504DOQ.html
美参议员:不批准瑞典芬兰加入北约 土耳其就买不到F-16,yaowen,https://www.163.com/dy/article/HSLNA7RC05504DOQ.html,http://bjnewsrec-cv.ws.126.net/little864ecd62561j00rphu5p000sc000ht00b9m.jpg,环球时报国际,https://www.163.com/dy/article/HSLNA7RC05504DOQ.html
特朗普将迎来共和党初选首位对手 对方曾多次称赞他,yaowen,https://www.163.com/dy/article/HSLMCU1K053469M5.html,http://dingyue.ws.126.net/2023/0203/a1bcaefej00rphtfv001mc000jg00c5c.jpg,上游新闻,https://www.163.com/dy/article/HSLMCU1K053469M5.html
河南优秀高中毕业生公费赴俄留学 相关高中:2015年已开始,yaowen,https://www.163.com/dy/article/HSLLP1VL051492T3.html,http://dingyue.ws.126.net/2023/0203/adb1ac3fj00rphsgq00occ0014z00rhg.jpg,红星新闻,https://www.163.com/dy/article/HSLLP1VL051492T3.html
老人故意推倒摩托车拒不赔偿后去世 车主坚持追责,yaowen,https://www.163.com/dy/article/HSJS93FQ0514BE2Q.html,http://cms-bucket.ws.126.net/2023/0203/e82900cbp00rphvey009qc000s600e3c.png,中国新闻周刊,https://www.163.com/dy/article/HSJS93FQ0514BE2Q.html
河南钉子户拒百万赔偿逼南水北调工程改道 结局有点惨,yaowen,https://www.163.com/dy/article/HSL1QVDC0553WNUK.html,http://cms-bucket.ws.126.net/2023/0203/b33751aep00rphtr5001mc0009c0070c.png,奇史殿堂,https://www.163.com/dy/article/HSL1QVDC0553WNUK.html
6婚女子结婚半年丈夫车祸去世 婆家:她前夫也有车祸死的,yaowen,https://www.163.com/dy/article/HSJMGIKT05529K06.html,http://cms-bucket.ws.126.net/2023/0203/a94e80ddp00rphu0a001gc0009c0070c.png,胖胖侃咖,https://www.163.com/dy/article/HSJMGIKT05529K06.html
乌克兰：若盟友援助远程导弹 保证不打击俄罗斯领土,yaowen,https://www.163.com/dy/article/HSLN4S8H0514R9OJ.html,http://dingyue.ws.126.net/2023/0203/6ff4468cj00rphtso00j7c000u000hbg.jpg,环球网资讯,https://www.163.com/dy/article/HSLN4S8H0514R9OJ.html
广西一服刑人员在监狱遭犯人殴打致死 检察院回应,yaowen,https://www.163.com/news/article/HSLN00NI0001899O.html,http://cms-bucket.ws.126.net/2023/0203/f5dd1674p00rphtz3007gc0009c0070c.png,澎湃新闻,https://www.163.com/news/article/HSLN00NI0001899O.html
业主反映＂物业贿赂交警＂被拘10天：期待更多真相,yaowen,https://www.163.com/news/article/HSKK229G0001899N.html,http://cms-bucket.ws.126.net/2023/0203/359d4026p00rpht0i006xc000s600e3c.png,极目新闻,https://www.163.com/news/article/HSKK229G0001899N.html
上海一小区居民每天出门要翻墙过桥 有人直接摔骨折,yaowen,https://www.163.com/dy/article/HSLJJDDP0512DU6N.html,http://cms-bucket.ws.126.net/2023/0203/095b3b85p00rphsam001gc0009c0070c.png,新民晚报,https://www.163.com/dy/article/HSLJJDDP0512DU6N.html
少年偷开家中面包车翻车 网友：车下的人不行了,yaowen,https://www.163.com/v/video/VZRN89IBK.html,http://cms-bucket.ws.126.net/2023/0203/b6882ccej00rphori0018c000s600e3c.jpg,星辰视频,https://www.163.com/v/video/VZRN89IBK.html
多地迎＂提前还贷潮＂ 有人4次还完90万剩1元月供抵个税,yaowen,https://www.163.com/news/article/HSLI05MT0001899N.html,http://cms-bucket.ws.126.net/2023/0203/4d97c783p00rphqfz000mc0009c0070c.png,每日经济新闻,https://www.163.com/news/article/HSLI05MT0001899N.html
外媒爆料：美方曾建议俄用部分土地换取俄乌冲突结束,yaowen,https://www.163.com/dy/article/HSLF2KQ10514R9OJ.html,http://cms-bucket.ws.126.net/2023/0203/e781c8b7p00rphp5p0015c0009c0070c.png,环球网资讯,https://www.163.com/dy/article/HSLF2KQ10514R9OJ.html
台媒：麦卡锡明确表示＂没有任何排定去台湾的行程＂,yaowen,https://www.163.com/dy/article/HSLA18I705560LKB.html,http://cms-bucket.ws.126.net/2023/0203/e7dc9bfap00rpho4j0012c0009c0070c.png,海峡网,https://www.163.com/dy/article/HSLA18I705560LKB.html
普京提及德坦克威胁 有媒体称其在暗示或动用核武器,yaowen,https://www.163.com/dy/article/HSL50R42053469LG.html,http://cms-bucket.ws.126.net/2023/0203/8c781a84p00rphlvm001lc0009c0070c.png,极目新闻,https://www.163.com/dy/article/HSL50R42053469LG.html
2023年已有多名退休高官被查 包括两名＂大老虎＂,yaowen,https://www.163.com/dy/article/HSLBJ7N8053469LG.html,http://cms-bucket.ws.126.net/2023/0203/f942bd30p00rphle7001bc0009c0070c.png,极目新闻,https://www.163.com/dy/article/HSLBJ7N8053469LG.html
布里亚特士兵怒了 找长官理论：另请高明吧,yaowen,https://www.163.com/v/video/VSRNE5L6M.html,http://cms-bucket.ws.126.net/2023/0203/bc6ca0dep00rphjyq002gc000s600e3c.png,门卫秦大爷看世界,https://www.163.com/v/video/VSRNE5L6M.html
女子在火车上脱毛衣 露出里面的衣服让人心酸,yaowen,https://www.163.com/v/video/VGRL4CABF.html,http://cms-bucket.ws.126.net/2023/0203/b25b48a1p00rphjt2000nc000s600e3c.png,辰夕视频,https://www.163.com/v/video/VGRL4CABF.html
媒体:俄军春季或派出王牌＂阿玛塔＂ 其尚未经历过实战,yaowen,https://www.163.com/dy/article/HSKOHD3O0530WJIN.html,http://cms-bucket.ws.126.net/2023/0203/6aa034ffp00rphjut0036c0009c0070c.png,齐鲁壹点,https://www.163.com/dy/article/HSKOHD3O0530WJIN.html
台军20多岁女军官不雅视频外流 女方穿军服还露臂章,yaowen,https://www.163.com/v/video/VDRNEVC4L.html,http://cms-bucket.ws.126.net/2023/0203/8d4d4df1p00rphkb6000uc000s600e3c.png,燃视野News,https://www.163.com/v/video/VDRNEVC4L.html
涨薪幅度远不及通胀 英国爆发12年来最大规模罢工,yaowen,https://www.163.com/dy/article/HSK3VMTD0512B07B.html,http://cms-bucket.ws.126.net/2023/0203/8a0c575ep00rphhyl00asc0009c0070c.png,每日经济新闻,https://www.163.com/dy/article/HSK3VMTD0512B07B.html
外交争端再度升级 土耳其召见美国、瑞典等九国大使,yaowen,https://www.163.com/dy/article/HSL743KB0514R9OJ.html,http://cms-bucket.ws.126.net/2023/0203/3d7ab420p00rphi4z001bc0009c0070c.png,环球网资讯,https://www.163.com/dy/article/HSL743KB0514R9OJ.html
媒体：菲方将向美军开放另外4个军事基地 位置有玄机,yaowen,https://www.163.com/dy/article/HSJS799T0514FGV8.html,http://cms-bucket.ws.126.net/2023/0203/6aaaa507p00rphej9001bc0009c0070c.png,直新闻,https://www.163.com/dy/article/HSJS799T0514FGV8.html
国务院港澳办：6日起 全面恢复内地与港澳人员往来,yaowen,https://www.163.com/news/article/HSL30OQ90001899N.html,http://cms-bucket.ws.126.net/2023/0203/f8763a28p00rphduy001bc0009c0070c.png,国务院港澳事务办公室,https://www.163.com/news/article/HSL30OQ90001899N.html
普京愤怒发声:80年后德国坦克又来了 带着铁十字标志,yaowen,https://www.163.com/news/article/HSL0NQM50001899O.html,http://cms-bucket.ws.126.net/2023/0203/627875d7p00rphbvl0014c0009c0070c.png,上观新闻,https://www.163.com/news/article/HSL0NQM50001899O.html
粗心工人焊桥墩钢筋 万万没想到把自己焊在了里面,yaowen,https://www.163.com/v/video/VMRN78N7J.html,http://cms-bucket.ws.126.net/2023/0203/7eb8ac7bp00rphh4h002sc000s600e3c.png,星尘视频,https://www.163.com/v/video/VMRN78N7J.html
乌士兵讲述遇瓦格纳雇佣兵可怕经历：如同丧尸电影,yaowen,https://www.163.com/v/video/VORM38CMS.html,http://cms-bucket.ws.126.net/2023/0203/593343c7p00rphawd001gc000s600e3c.png,木兰轶事,https://www.163.com/v/video/VORM38CMS.html
68元＂青瓜海胆＂端上桌 顾客拿菜单反复对比傻眼,yaowen,https://www.163.com/v/video/VZRN4NC5A.html,http://cms-bucket.ws.126.net/2023/0203/542384b7j00rphaul001ac000s600e3c.jpg,星辰视频,https://www.163.com/v/video/VZRN4NC5A.html
凌晨大量返程务工旅客滞留上海火车站：打车太贵了,yaowen,https://www.163.com/dy/article/HSJTMND5055040N3.html,http://cms-bucket.ws.126.net/2023/0203/227c2516p00rphatd0035c0009c0070c.png,上观新闻,https://www.163.com/dy/article/HSJTMND5055040N3.html
俄男子不配合征兵 拉扯中不慎摔断脖子当场去世,yaowen,https://www.163.com/v/video/VSRMBUL9T.html,http://cms-bucket.ws.126.net/2023/0203/494189abp00rph9k5002sc000s600e3c.png,门卫秦大爷看世界,https://www.163.com/v/video/VSRMBUL9T.html
流调中＂最勤劳＂外卖员孩子将出生：生活的担子很重,yaowen,https://www.163.com/dy/article/HSKQFMUM0514R9P4.html,http://cms-bucket.ws.126.net/2023/0203/8e3d40eep00rph97b0048c0009c0070c.png,澎湃新闻,https://www.163.com/dy/article/HSKQFMUM0514R9P4.html
＂死者＂大摇大摆上街乱逛跟人打招呼 监控视频吓坏妻女,yaowen,https://www.163.com/dy/article/HSE3AIG90553WNUK.html,http://cms-bucket.ws.126.net/2023/0203/d6832375p00rph8yw003bc0009c0070c.png,奇史殿堂,https://www.163.com/dy/article/HSE3AIG90553WNUK.html
中国开始用美制口径子弹 有人担心美军缴获后直接使用,yaowen,https://www.163.com/dy/article/HSJHTSI00535OPG1.html,http://cms-bucket.ws.126.net/2023/0203/0dd95bdbp00rph8fa003gc0009c0070c.png,军武速递,https://www.163.com/dy/article/HSJHTSI00535OPG1.html
中企欲建玉米加工厂 遭美空军警告：位置威胁国家安全,yaowen,https://www.163.com/dy/article/HSJU91K705504DOQ.html,http://cms-bucket.ws.126.net/2023/0203/b63e5382p00rph7os001bc0009c0070c.png,环球时报国际,https://www.163.com/dy/article/HSJU91K705504DOQ.html
成都一小区业委会成功砍价物业费 360万差额＂退还＂业主,yaowen,https://www.163.com/dy/article/HSJSJOBQ051492T3.html,http://dingyue.ws.126.net/2023/0202/bad944bej00rpgicp009fc0014000u0g.jpg,红星新闻,https://www.163.com/dy/article/HSJSJOBQ051492T3.html
男子去世前给女子转100万 妻子发现聊天记录＂暧昧＂让返还,yaowen,https://www.163.com/dy/article/HSJEVDNR055040N3.html,http://dingyue.ws.126.net/2023/0202/31ca192cj00rpg7ng000qc000e200e3g.jpg,上观新闻,https://www.163.com/dy/article/HSJEVDNR055040N3.html
欧盟-乌克兰峰会将举行 欧盟官员被要求别穿绿色衣服,yaowen,https://www.163.com/dy/article/HSJPJ9KA051492T3.html,http://cms-bucket.ws.126.net/2023/0202/4741bcb5p00rpgiu200d9c0009c0070c.png,红星新闻,https://www.163.com/dy/article/HSJPJ9KA051492T3.html
男子去年返乡未隔离致多人感染被立案 警方近日已撤案,yaowen,https://www.163.com/dy/article/HSJOIUKC0514R9P4.html,http://cms-bucket.ws.126.net/2023/0202/fc661f46p00rpghqu00hdc0009c0070c.png,澎湃新闻,https://www.163.com/dy/article/HSJOIUKC0514R9P4.html
视频：休息的俄士兵徒手接住了乌无人机投掷的手榴弹,yaowen,https://www.163.com/v/video/VWRLJ47A6.html,http://cms-bucket.ws.126.net/2023/0202/e1dca708j00rpgh8e000dc000s600e3c.jpg,通城新报,https://www.163.com/v/video/VWRLJ47A6.html
